EmailText,Label
Project update,Ham
Invest today,Spam
Win money now,Spam
Win money now,Spam
Meeting at 5,Ham
Meeting at 5,Ham
Project update,Ham
Meeting at 5,Ham
Project update,Ham
Call mom,Ham
Free prize money,Spam
Free prize money,Spam
Project update,Ham
Win money now,Spam
Lunch?,Ham
Meeting at 5,Ham
Lunch?,Ham
Meeting at 5,Ham
Project update,Ham
Meeting at 5,Ham
Call mom,Ham
Lunch?,Ham
Project update,Ham
Project update,Ham
Win money now,Spam
Free prize money,Spam
Invest today,Spam
Call mom,Ham
Cheap meds,Spam
Call mom,Ham
Meeting at 5,Ham
Free prize money,Spam
Invest today,Spam
Project update,Ham
Invest today,Spam
Free prize money,Spam
Lunch?,Ham
Invest today,Spam
Invest today,Spam
Lunch?,Ham
Lunch?,Ham
Meeting at 5,Ham
Project update,Ham
Invest today,Spam
Free prize money,Spam
Project update,Ham
Win money now,Spam
Win money now,Spam
Invest today,Spam
Free prize money,Spam
Project update,Ham
Call mom,Ham
Free prize money,Spam
Meeting at 5,Ham
Call mom,Ham
Meeting at 5,Ham
Free prize money,Spam
Project update,Ham
Cheap meds,Spam
Project update,Ham
Invest today,Spam
Lunch?,Ham
Meeting at 5,Ham
Win money now,Spam
Invest today,Spam
Free prize money,Spam
Lunch?,Ham
Lunch?,Ham
Free prize money,Spam
Win money now,Spam
Meeting at 5,Ham
Cheap meds,Spam
Invest today,Spam
Free prize money,Spam
Free prize money,Spam
Lunch?,Ham
Project update,Ham
Free prize money,Spam
Cheap meds,Spam
Win money now,Spam
Lunch?,Ham
Win money now,Spam
Win money now,Spam
Invest today,Spam
Win money now,Spam
Win money now,Spam
Meeting at 5,Ham
Lunch?,Ham
Project update,Ham
Project update,Ham
Free prize money,Spam
Lunch?,Ham
Lunch?,Ham
Meeting at 5,Ham
Win money now,Spam
Free prize money,Spam
Free prize money,Spam
Invest today,Spam
Invest today,Spam
Project update,Ham
Invest today,Spam
Cheap meds,Spam
Win money now,Spam
Lunch?,Ham
Win money now,Spam
Meeting at 5,Ham
Cheap meds,Spam
Win money now,Spam
Invest today,Spam
Meeting at 5,Ham
Meeting at 5,Ham
Call mom,Ham
Cheap meds,Spam
Lunch?,Ham
Invest today,Spam
Free prize money,Spam
Project update,Ham
Lunch?,Ham
Free prize money,Spam
Free prize money,Spam
Cheap meds,Spam
Cheap meds,Spam
Project update,Ham
Call mom,Ham
Invest today,Spam
Free prize money,Spam
Win money now,Spam
Project update,Ham
Invest today,Spam
Lunch?,Ham
Lunch?,Ham
Lunch?,Ham
Cheap meds,Spam
Free prize money,Spam
Free prize money,Spam
Project update,Ham
Call mom,Ham
Free prize money,Spam
Invest today,Spam
Call mom,Ham
Project update,Ham
Project update,Ham
Invest today,Spam
Lunch?,Ham
Invest today,Spam
Meeting at 5,Ham
Lunch?,Ham
Lunch?,Ham
Project update,Ham
Win money now,Spam
